,year,in
0,2020,50701.48029113212
1,2021,51396.76711665292
2,2022,51851.69788175891
3,2023,51931.5311710065
4,2024,51499.277754649986
