,year,in
0,2020,68120.49104001865
1,2021,75230.19067247302
2,2022,83298.94722719394
3,2023,92584.368345472
4,2024,103362.301269179
