,year,in
0,2020,53519.028660215234
1,2021,54527.17099093317
2,2022,55633.960071810056
3,2023,56330.605321045936
4,2024,56388.332859571005
