,year,in
0,2020,40275.51978449279
1,2021,40505.89788852638
2,2022,40480.66987130389
3,2023,40540.05019197927
4,2024,40507.46000475617
