,year,in
0,2020,40511.73428117443
1,2021,39958.06507018587
2,2022,38904.02123960224
3,2023,37211.23547525838
4,2024,34608.988241808955
