,year,in
0,2020,47542.71366021549
1,2021,48050.51379988738
2,2022,48196.10241445503
3,2023,48482.31992254965
4,2024,48393.76180138113
